State,Account length,Area code,International plan,Voice mail plan,Number vmail messages,Total day minutes,Total day calls,Total day charge,Total eve minutes,Total eve calls,Total eve charge,Total night minutes,Total night calls,Total night charge,Total intl minutes,Total intl calls,Total intl charge,Customer service calls,Churn
MO,225,510,No,No,31,197.5945533953218,114,28.229971011313825,218.36436567006703,101,10.462128080544993,159.91064236454994,133,6.539469362861923,10.227632169879438,8,3.334540550574942,6,False
OK,129,408,No,No,34,186.63903491320775,124,27.785493600888636,291.9091838397561,69,17.958304458673915,78.49039364218649,52,5.245865260717823,9.181916253542619,6,2.6023542943029785,5,False
MT,147,510,No,Yes,37,265.084810426673,116,32.459253582472805,188.8267008814074,81,28.444737448566034,248.9462003432712,86,7.5946984551589,14.329868660895826,6,2.3337212910540086,0,False
ID,126,510,No,No,12,249.15725004361371,101,36.525897700314374,182.53416019409013,63,9.216183270606379,149.67433536452097,89,5.5359157721014025,3.380743454848801,1,2.572510214283275,7,False
RI,130,415,Yes,No,46,103.3125637145082,111,36.88378790687796,199.02901970561336,99,16.711960181422477,198.56457048938861,121,5.71379729097229,8.362472242086767,7,2.403533790079374,1,False
LA,53,510,Yes,No,24,223.05638344793005,72,25.335380491448493,184.84101085828624,77,22.616196624119098,192.313121383639,89,9.895175539698913,7.389231329448324,2,1.6215623104478665,4,False
MT,172,415,No,No,8,243.25986258118496,75,28.663026289708707,239.9970950971025,102,18.508096239767987,274.3863517829133,105,8.83440529713787,10.65733180010323,7,2.1282554584076547,8,False
AL,218,408,No,No,3,207.96796043641655,117,32.2606396039064,119.1844695781706,73,20.439834760580165,204.26406589828693,72,10.454636044596395,10.231434357649379,2,3.1170239240110518,7,False
MO,160,415,No,Yes,13,163.22939281529045,131,28.010470990531623,147.3158790426823,128,5.1216699445369205,240.44464600530048,60,4.052899693952081,14.866579304648287,9,2.9573428331012,1,False
IN,198,408,No,No,36,300.6696957558568,104,42.858764608159944,146.60985392104035,71,19.991246873149752,227.3231882073831,113,9.02964182948929,15.853426144893383,6,2.8344478447734565,8,False
NJ,160,415,No,No,33,212.5704640463511,55,33.92779961310601,247.51537959867878,79,13.191558968832007,267.97057099807,57,15.226912626497514,7.680749633288556,1,1.9038812145172965,4,True
MO,247,510,No,Yes,10,278.82721368641137,84,35.87902228839854,285.5306686290963,112,18.549386422915735,188.04381527485208,142,7.883182547143202,10.001500195100888,3,2.5547974702914664,5,False
RI,68,510,No,No,40,247.57392147367534,71,35.3030501493393,194.77753907312643,53,16.852826345452545,293.4807665252258,143,11.474247019716893,10.588913250773066,5,0.9583479628457163,2,False
RI,183,408,No,No,2,203.2067330111652,92,39.3877908598826,191.55891384049946,126,28.391665145808165,100.71689218003425,105,11.44802054632327,7.606558754987992,8,2.842781331108312,2,True
LA,203,408,No,No,27,151.01495442631864,64,31.448172469629654,203.50260815565906,108,19.73347661882938,242.8736749000618,109,11.595595824003826,11.885146108112869,4,3.8430861662508544,7,False
AL,184,408,No,No,28,178.79475609237494,135,19.62534441635323,258.0939151304095,136,16.43688085368607,156.6690195667934,59,9.49998506117197,9.281477893705166,8,1.5206942943663155,1,False
OK,123,415,No,No,8,168.90437736032234,109,33.19750361402113,153.63234329047128,57,9.451536203732228,175.36252236100236,88,10.698257948232643,6.797095448197067,4,2.231257861345796,1,False
LA,145,415,No,No,2,119.27405221753651,61,24.78914484966537,211.91844913673927,131,17.605734509249483,228.47071334505176,77,11.097040860039016,9.16129508720037,9,2.963285422968104,4,False
LA,38,408,Yes,No,24,212.51407874798514,98,25.771066546001947,248.75988148912148,61,21.116144391734114,228.07010249238715,98,10.906338084943073,7.006976281778053,7,3.702274107541987,5,False
NJ,24,510,No,No,33,258.36765009797045,91,34.690912150040745,225.05470849699225,80,16.597240540903883,230.32140068450357,85,5.647745479459812,13.109940488257767,0,2.3414203069598805,1,False
MA,69,415,No,Yes,11,165.08482527242765,87,39.90626457146909,209.47908082993717,127,14.471718200312795,130.6921027947381,62,3.877846552368039,15.70467776534101,6,2.146199736587283,4,False
AL,116,415,No,No,41,288.18282496123686,131,30.170172613888493,250.05230462835706,83,14.137066680768406,272.451511563962,145,4.339249369755579,10.734458121683618,3,1.1248614860671335,6,False
OH,98,415,No,Yes,8,102.12086070691332,94,32.47066410079171,64.83838535003815,131,19.675707177276603,154.96764408861623,85,8.189520022852008,10.333830304159827,4,2.7827505034464854,7,False
LA,198,408,No,Yes,14,232.7181774193602,84,43.617719557081905,233.89376597654538,147,20.796939696545785,161.63564548874004,75,10.781780203267934,10.457304300622557,5,4.333660832114996,6,False
IA,214,408,No,No,39,263.5760117702705,79,31.926025435908546,167.2962158436288,124,23.806050576605593,231.89483690834143,135,5.686766167465246,13.546702086814946,4,2.9218867695717408,7,False
NY,139,408,No,No,24,169.79847095094698,137,50.813464913443156,108.46835515717716,125,12.02500053394821,185.66394126193796,53,11.771911375753213,13.482097010791549,0,2.6821768166530293,8,False
MA,240,408,No,No,4,170.69717474285596,79,34.524077165052354,225.56012997624904,98,19.629887792088084,215.41304202812458,144,7.493174476476342,9.653039294355308,8,2.9576658486135887,4,False
OH,144,408,No,No,10,232.13825879222006,127,15.913897926753458,268.68292725814786,128,16.391480227910666,92.1699651683606,131,7.521734366417763,10.757769782137274,1,2.6911263968411183,4,True
VT,97,510,No,No,33,205.2995554979767,55,36.02673296883626,193.1275742686154,106,16.538828976833596,214.2162224759616,113,6.491679012361199,11.957939221531236,8,2.049588502191896,3,False
IA,201,510,No,No,23,80.12943282702466,116,33.04926707906222,247.64372736014695,144,19.009129270170007,210.89159397561076,87,3.345640922951179,6.586937630347798,9,3.3586239325421645,8,False
AL,124,408,No,Yes,14,137.83134227303097,129,40.318022032661965,280.6139128994323,142,19.038281268124738,174.50707311178584,137,9.687942385303941,13.63782471226137,1,2.8806092184894037,4,False
KS,187,415,No,No,37,179.322522597627,56,35.38545081015967,265.74572267920234,75,19.643840528957867,96.29620201176053,136,14.138003138515707,15.204495673681683,8,2.714090601546926,1,False
IA,70,408,No,Yes,7,111.51509101574665,101,28.892352128129808,281.99822646856967,67,11.712644039020951,189.35958692591976,71,8.81200642940231,13.49509631451837,5,1.9197071781774002,7,False
IN,208,510,No,No,4,156.2912841785048,63,20.205614109685072,237.1063745535946,145,13.250942964167706,198.13130701006935,51,3.4481050749154427,6.263218265156335,8,3.7428063455478076,6,False
MA,93,510,No,Yes,47,112.76572873780329,122,28.3278139417118,203.77168194507965,135,24.429341377588422,181.63855048347526,80,11.341028434849338,4.089998633743377,5,3.231762196266488,7,False
MT,3,415,No,No,25,161.4914684723305,64,23.1958363663256,119.90170940514157,87,15.8971376625958,108.19127677837511,60,4.125606029691032,12.126156020553795,5,2.2576633301061584,2,False
IA,148,510,No,Yes,17,163.16886363394195,70,25.35581240156222,187.69687559350257,130,18.530071990089482,279.7367003658458,141,5.372896809032444,7.719431653113741,1,3.50145988294555,3,False
WV,187,408,No,No,5,197.58773382968567,84,34.70862723536488,157.8376702341904,136,22.27333156021593,168.05692360278135,95,8.284985483059288,10.861400062368958,7,2.3019433292918343,4,False
KS,164,415,No,No,36,175.41203380002497,115,43.359236034811246,308.54713587489067,137,19.317215361804095,188.88976685385495,145,9.368530315620594,14.605446160022646,2,2.0743972059911706,5,True
RI,147,408,No,No,47,205.1394860520378,140,33.15737223858385,191.20570937838318,99,19.732613154860196,79.52628393908547,111,5.974007996499514,8.02913447080477,6,2.0922375060157705,0,False
RI,90,408,No,Yes,12,199.17720037369608,51,20.432935503718525,206.1602403392243,57,21.472888396218785,279.7427674349104,118,8.168051830302058,8.86733603077312,4,1.2831451575295272,3,False
ID,195,415,No,No,27,231.56699971321552,84,33.55682134576112,227.57426880202337,90,6.416681195515,176.6725034132972,113,11.145487202282053,10.830168917764949,2,3.0772339043345647,4,False
IN,147,408,No,Yes,4,223.68915204800578,131,39.57305189316521,202.1801223186227,55,14.550249224197326,204.92314085371012,59,11.556536654424056,6.107471080053308,0,1.23508409732932,6,False
VT,148,510,No,No,12,218.40619175673584,127,25.121736765444943,284.75255202153767,118,19.34302898249796,256.03687224083257,89,12.754369265442794,7.726431411982372,7,1.7172449349873902,4,False
IA,96,408,No,Yes,16,335.24337142333604,69,28.927862666616658,168.8675319132774,93,23.938221535288285,166.1847897641687,73,14.728255956880481,10.074572511253807,2,1.0395295927371735,0,False
IA,199,415,No,Yes,49,197.37013183211644,131,30.117505557833578,209.73037276186213,113,17.330477798278864,248.1622493693272,148,11.42966796498335,9.098635393546745,1,2.6311442457672856,6,False
VT,52,415,No,Yes,39,309.6785751929431,59,23.720813495342078,162.87647071509758,78,12.776417691219523,96.9337272029429,93,8.349790456787279,11.825223261397678,0,2.5797436317825024,7,False
ID,233,415,Yes,No,44,200.61092011219668,74,35.186243470750874,133.99887443896472,77,12.909569751947489,227.54933287856568,109,11.577941373368917,18.2979388433178,3,2.438643029450909,6,False
NY,161,408,No,No,31,175.8574542597054,115,29.03241481113775,169.41154545473574,60,21.41930601726537,278.61210832598266,111,10.400148702015546,10.297415018254373,7,1.8659378442635393,3,False
NY,168,415,No,Yes,28,161.34174088934014,74,33.35625955125622,198.1481601475794,114,15.911132088040567,170.9791576390985,136,10.519100932578763,7.474864161885972,2,1.7622129972506881,7,False
ID,128,415,No,No,2,255.48628992242146,103,22.9000625775832,178.53488877413702,68,16.963999771048318,255.94408101491996,66,9.531656355215055,14.254721064272694,0,3.0714958908372596,4,False
NY,39,408,No,No,39,262.0251696443969,82,26.500333597412716,165.3789510063072,58,20.075150968861596,291.6961326096892,114,6.263837693538281,5.233544574039336,3,2.25955845463321,8,False
NJ,82,510,No,No,33,209.98919279823645,85,35.77905086262217,129.6841268164083,76,2.4923815865321046,187.25790809729904,144,5.91571077653421,5.833275486912678,8,2.953086657228916,4,False
IA,104,408,Yes,No,39,236.6773387251353,144,27.017334783265863,195.84472136856527,83,27.001837557540405,183.12358570750695,144,8.708645396774573,8.214689684056829,0,1.991801051100622,0,False
MO,129,415,No,No,26,116.13897670384583,63,43.81571080986724,124.76398129844989,93,13.344630824744693,155.0853127083848,106,9.446730227539115,9.151339838441123,1,2.8448501942168662,8,True
OK,11,415,No,No,12,102.56100887438942,114,26.80291051508318,238.00279818448013,117,18.209681847367857,174.51349224074332,104,6.961677231204861,8.142781790448375,8,3.742622429852851,4,False
VT,220,408,No,Yes,44,242.3163442898727,129,31.797477806015088,204.12198764672516,149,8.476514932518644,159.232005486369,102,10.270025845825726,9.905463026730931,1,3.168932640314227,5,False
WV,185,510,No,Yes,32,173.6594251048489,103,37.46072665498472,127.12242502675348,131,14.887294447974812,155.04444507863863,105,15.242297712117567,10.824225708239036,2,2.370068945426816,3,False
NJ,217,415,No,No,5,217.46512086987514,101,18.653074136535746,184.53954614750683,64,23.223440231825485,259.9417648355678,147,3.7670078421652278,13.206878605825414,6,2.905759176284742,5,False
AL,178,415,No,No,23,144.1356025021961,52,15.913529504153793,162.39217972047084,100,7.4191641016706065,160.50369873558702,58,10.746733432691283,10.273564821531346,2,2.50746786037583,7,False
NJ,151,415,No,No,18,262.8494234852388,148,17.79474948343924,215.95872552095904,62,22.631000435945705,212.92609573598116,71,8.80207613732757,8.314161256914696,8,2.7063041477557825,2,False
MO,159,408,No,Yes,15,102.97906640554818,90,40.100672827417455,267.0225223011572,132,15.631519518838079,201.91167176081188,62,10.351966666003964,13.043936159318235,5,2.4395111582811975,4,True
AL,222,415,No,No,39,110.72074567586557,55,25.585134832860426,106.24137651771277,98,19.435822201100958,274.90472812855614,138,7.707855898619126,7.546853572809608,2,2.568531835291687,1,False
WV,42,510,No,No,27,252.21557918561723,74,50.465594285346015,205.75130395737085,119,20.287622067425552,174.84218839724932,97,8.561820344858498,5.1021917629380305,8,2.8696746824593404,1,False
MO,99,415,No,Yes,32,49.507910350854985,62,25.486019210740892,191.99336022166798,105,19.20710749745463,219.0574023327161,67,9.388501353024298,13.617868053713625,0,1.9053130403344396,6,False
OH,7,415,No,Yes,47,198.9284434047458,147,31.476410425576297,233.56700382252328,125,12.675246741845868,239.55348511380546,125,8.095098349394219,13.425559734432914,9,1.8872969384080176,5,False
OK,144,510,No,No,40,174.63370022017116,57,42.336879620543,210.65983141188445,100,15.177254267324882,274.4874803660291,89,4.438376047890304,7.623104823387681,2,1.5891659569350314,3,False
WV,90,415,No,No,12,143.2024040399985,70,46.04874310527298,162.40153341305904,86,9.69221911374592,174.11233274773667,66,8.29825490806664,8.802703438537224,0,1.4197831163970323,4,False
IA,112,408,No,Yes,42,170.00300757048157,147,46.49202861309118,184.0473032166691,66,19.4589816579404,169.105376563381,64,4.750699115411418,7.249217364010212,1,1.7261738462236167,0,True
NY,249,408,No,Yes,44,137.6238253455095,117,39.66692984474514,160.19870715982555,107,25.51027577007963,146.91094730199737,64,10.959579331740928,10.979872652695402,7,2.8275700054433037,6,False
OH,244,408,No,Yes,24,257.11279730242495,74,38.1925002064917,253.80035692992993,136,7.877795566617687,311.814981042412,128,3.4033646967656335,15.196147874104245,6,1.985769987606493,7,False
IN,60,510,No,No,41,270.2248544180805,128,34.74021559360946,201.06558243359711,139,13.191770469309823,269.22362190901936,112,12.085963138367669,12.108645395785366,1,3.1108915713848773,8,False
WV,113,415,No,Yes,35,145.71312066058277,117,36.2268886093331,295.05953428765037,78,16.091123620585332,197.88993028439785,88,10.288689000610438,13.107173927749098,1,2.7277709990020496,7,False
IN,2,408,No,Yes,26,193.77624387342655,94,25.59051426937173,196.96695930926896,82,17.86670711856777,296.5719575563528,62,10.300165847201685,12.459184995073034,8,1.1251966292495572,4,False
AL,129,510,No,No,37,113.74617645319763,109,23.454408932621543,164.57966165447687,109,21.39588150717213,194.90683028171713,130,2.5070703964564807,9.999642554322719,5,3.223980467377352,2,False
OH,48,415,No,Yes,6,233.65260795015632,61,29.973004340712382,124.31428036935864,140,16.239000098211665,236.22052357167647,81,8.01420168572533,13.250021313733946,4,3.348638916473368,8,False
OK,140,510,Yes,No,4,232.35045873216572,81,28.638523019800573,109.84301618720275,138,15.420206367771748,200.50859508613604,58,12.460690285979581,12.235091688738398,9,1.9049098601321175,5,False
IA,197,408,No,Yes,42,165.2368883646155,145,26.374175605381797,120.79320284972552,104,22.515653530348704,219.89027258752355,89,7.444176062909116,14.31833714545941,5,3.0361532343159934,4,True
ID,37,408,No,Yes,44,180.84425292099476,141,35.57109957965372,213.35633255057417,59,20.309977835316527,214.58807212667736,69,5.765813550108858,8.62135317651473,8,2.014801410072641,2,True
IA,160,408,No,Yes,30,175.31172752386647,62,37.64244166856409,225.4362511614967,96,19.694889878505492,178.75073133116751,139,7.089989714982863,4.78566508136384,6,2.7781363013986686,5,False
MO,247,510,No,No,22,99.07710831598621,80,30.70725509033478,120.94046489839333,72,17.562578557940572,254.62492690426765,140,8.795167132081986,13.135753044619232,9,1.6884012744360277,2,False
IA,9,510,No,No,41,257.3002073800063,127,41.820240648442095,244.75191570380576,134,21.915761054599294,235.79762088419506,134,6.445888649061567,11.049308561818174,9,1.2655148379723387,5,False
MT,233,408,No,No,9,141.65233805587846,69,20.86648708693196,175.84694741582803,70,13.718453043848667,251.3847296750739,131,12.701451696267881,9.111861699036291,8,2.3937462483096255,3,False
LA,99,510,No,No,31,141.99253638710394,67,28.450724325762256,207.33965059927746,62,13.03652858906961,216.0113592749673,126,8.805997410028823,9.279541563077526,3,2.6010168429801315,1,False
ID,147,408,No,No,42,172.47900727690836,142,24.26542143517756,280.61103141277124,82,20.73050493434662,154.6715059111433,129,7.3332919561562155,17.664058977706347,1,2.3818562451083167,7,False
NJ,48,408,No,Yes,29,229.77742926811393,109,15.06770706341552,244.8419657932766,73,8.874820153765459,285.4693033278851,122,5.095969419493262,8.073416042397186,7,1.7527755534219525,3,False
NY,208,415,No,Yes,38,150.43483924539845,112,29.338554513258405,186.57346760470838,60,17.460897548182437,186.8721883216287,112,10.453339815836813,7.440090079521001,3,2.3800807502950905,8,False
KS,131,510,No,No,30,82.39073892982779,55,29.026019932933732,155.44038872923562,66,15.41720823868744,218.20335142842072,125,10.38499888413409,10.255852700480055,8,2.915435802064587,6,False
OK,148,408,No,Yes,17,135.6500969635233,81,42.107597945937044,92.40922993353476,117,9.971226346735222,231.76906794111346,93,6.623373281445924,13.541472633918882,3,2.6640855759019706,1,False
OH,152,408,Yes,Yes,35,201.20702095394952,142,35.04649347643822,164.042334037879,96,12.343662101418676,217.87108581088094,87,2.291012915057564,16.835205959587682,7,2.846000824479371,3,False
LA,54,510,No,Yes,1,289.48751439045935,92,21.80650540536636,189.4434880586153,74,16.455119538523252,245.77085106151372,132,10.232286568727652,11.972094890168712,8,2.1639078396366136,4,False
OK,120,415,No,Yes,13,117.00400168134222,51,44.832740530673505,150.6410236424408,143,22.169816282495113,253.6688961158249,109,8.439589826216993,6.18877376806171,8,3.6373743317729277,2,False
OH,161,415,No,Yes,12,115.17491162595854,109,39.768269564202825,193.43715164538477,122,13.735210043710945,188.7583248476376,120,10.008213503777007,15.912592812153397,9,1.7590613307561758,8,False
NY,152,408,Yes,No,28,104.37022495805921,72,34.65678162774893,203.8425941479384,70,23.066906999524967,281.27336709778234,148,14.871523600918914,9.941593902768709,3,3.090048237669375,4,True
MA,116,510,No,No,11,98.16375043503295,132,28.188127209201344,188.75720090959607,133,17.31589613778258,186.65482229193674,97,8.919504468872821,7.486871704315091,0,3.6455128743679692,1,False
MA,75,415,No,No,38,240.28457300407152,80,22.324486106212163,167.49987095882702,132,23.551923510849853,216.83745244403943,67,7.458484149471684,6.761822628701938,2,3.0847264741991163,2,False
IN,113,510,No,No,1,254.734428768219,54,27.022345791431576,208.43273359833637,132,13.977541956099758,180.6160908197884,65,5.558034097054979,12.508986158006369,8,2.5379806183481364,8,False
OK,200,510,No,No,31,188.88779467902012,132,38.709988957633485,222.09703247847045,61,16.755952059473156,166.32632386746047,104,8.062734625514853,10.716488158559242,3,2.2773623626696167,6,True
MA,164,408,No,Yes,12,156.61436139295716,83,45.07669044747687,145.4800461278577,86,18.842418016684977,252.20955443954327,88,9.481732048846924,11.035226130837552,4,3.528870120837005,1,False
MT,166,415,No,No,45,269.5571893431313,59,42.34594822617751,270.54661898731354,91,16.10244768629244,356.09484487130226,117,9.15992226179628,13.859509357215792,6,1.5616200597906618,8,False
ID,104,408,Yes,No,26,188.69540208282524,138,26.089204625709808,195.0705933857869,66,21.76512073572618,181.91200558398415,108,14.17039602020131,7.593536225471068,4,1.9239005916962852,3,True
OH,84,415,No,Yes,48,234.4718354680217,51,21.04306053368791,200.94248114724238,97,5.96218137354867,260.76607873390395,138,10.497256696397828,14.098463884820944,3,2.381953787606623,8,False
IN,227,415,No,No,40,154.1775529139092,60,31.127089975289632,235.41072116282785,77,29.1120276939497,183.70443436499028,145,8.59559738547837,8.442528031618929,1,3.690123006009599,1,True
IA,112,415,Yes,No,16,182.2121927111887,99,15.852485075497187,211.66080656317507,90,21.28887303497581,199.47575115719977,111,6.880318263499582,16.49202212173707,1,3.0038141088327173,3,True
OH,217,415,No,No,39,118.13291772764768,80,32.58534171347825,247.65683169566225,148,16.132340854824918,287.8791886115836,62,9.80001829134996,11.79621704797942,3,1.925563393191804,4,True
IN,99,415,No,No,30,211.46244859467924,105,28.81917930961065,214.35620826009122,96,14.238391632113277,146.3232357462347,130,6.278975524852022,7.2392844106708685,9,2.4517538356920774,1,False
NY,153,510,Yes,Yes,33,189.5468875386658,128,26.27170798505406,169.37813126797812,67,12.667896942757228,133.09204656884384,55,9.53949323861372,3.9237457500385613,9,2.2085414847229647,0,False
OK,93,408,No,No,23,135.2718383793108,122,17.242375461865635,218.07517626030508,127,20.228077370848684,195.64006756184253,132,10.46224178071453,12.426774166837035,8,2.132168806213172,6,False
NY,146,510,No,No,44,135.94464252367692,136,34.108800852557735,142.8136896339669,148,21.97490834396177,233.18280139688372,126,8.350643331685657,8.877459172029448,7,3.4831116468454235,0,False
ID,128,415,No,Yes,34,260.79792516693715,132,25.73839328270471,205.42798528882616,120,16.1873693593505,223.1833285840441,109,7.109140667804575,9.533302916434494,2,1.6026054965891956,7,False
VT,110,408,No,No,47,278.5834375230908,58,20.640665314317694,198.33850046777695,62,22.534952064892515,218.0339587846498,139,2.444109457995282,12.298588027522321,8,3.987024684587499,2,False
ID,82,415,No,No,5,169.34323316663395,148,7.021902293746805,189.594157136373,131,12.463699766194388,201.70659907557888,63,12.431510179261172,13.031241478751967,4,3.3625837521476987,5,False
LA,194,408,No,No,18,183.38767863810813,70,29.77988075959491,193.57312442805346,62,11.580945750065819,239.32700134919597,144,10.209901170735845,13.671131022007874,2,3.5726893364829584,6,False
NY,54,510,No,No,29,200.00572373241084,122,44.17801277335795,105.90754772511805,149,26.066706026227745,54.31637789775138,103,10.282851844754347,6.475476074851191,4,2.3296483903797935,0,False
MO,163,408,No,No,6,187.40158790798435,77,43.29007371638296,172.56375461295193,80,19.955543067692716,162.45973474561296,53,4.3159429926681,14.277684248873767,9,2.580047424736713,5,False
IA,208,408,No,Yes,9,96.28511397306849,111,26.343229947309826,204.64224505705573,51,23.98424100906664,195.3193795358276,88,13.13951609922017,8.262863991495552,3,1.5534785483802305,6,False
WV,189,408,No,Yes,40,201.3935338595193,56,25.182303517105755,207.99281959987002,65,12.730301458061536,235.22673995512548,121,7.604349400145759,3.2312501957553197,7,2.2802700743465576,5,False
NY,169,408,No,No,31,75.60554826996956,129,33.75019404860019,148.61624295370208,58,12.382373041156349,274.4882570034283,74,8.133614091901542,6.464678959419863,4,3.0949238781145207,3,False
LA,228,408,Yes,No,33,143.36579043711905,65,22.01291648649367,263.28539204323505,122,15.206953402712289,155.74501459164298,126,5.792139433743524,10.654075276397695,9,3.736850449425117,0,False
AL,161,415,No,Yes,27,205.2713573312409,146,32.414335198555726,156.69125758927495,87,12.879705792304941,272.85393127682835,81,3.6391628059804555,7.063557261756582,7,1.8142745465580388,8,False
VT,68,408,No,Yes,14,209.99971039624185,53,36.12864222707752,248.47286002633683,124,20.526826051142255,177.37191653993185,108,12.472038935170701,9.735866592471869,8,2.4075952504117875,3,False
MT,33,408,No,No,29,139.4963457895255,53,39.81546579107446,221.35971809358423,103,13.244369715367773,193.5045108509657,112,12.859792108192874,11.014757462587536,3,2.578960623813982,6,False
OH,142,510,No,No,36,157.07815299065413,89,29.198767388160377,167.68863450780984,105,11.141650709663548,229.07162593988068,87,8.503415545940017,9.455843790672143,6,1.583368638246012,6,False
ID,21,408,No,No,28,150.30817455007733,66,28.37060999858427,288.7655446304756,135,17.710077061276163,189.83819603466137,141,6.961846290580949,8.51693698642985,1,3.1730793934067205,1,False
AL,48,510,No,Yes,21,174.8577918431965,101,22.976139305947513,140.318158412176,146,10.550069120873934,255.50588033331587,102,7.868867492597225,6.247911811035321,5,2.120807734605913,0,True
LA,148,415,No,Yes,3,178.66028266821684,142,23.38495716768112,245.95770868050008,149,8.002680342623053,179.76979274434282,143,7.951155029893351,10.065831424645996,7,2.543687719058381,7,False
IN,248,408,No,Yes,19,213.4234064764555,101,28.188168864787787,250.02911590214893,136,17.66628616930639,180.5232504359833,116,5.4004208334612045,3.805127837245795,6,2.338440502470498,7,False
WV,128,510,No,No,31,154.15515685551082,85,32.93892405452942,166.46898954616776,94,8.253899784948949,252.5989977104666,77,8.12323435366848,7.942005874841736,6,2.0685291954242606,6,False
IA,136,510,No,Yes,35,198.66980959567775,87,37.308677009865995,269.62326500321643,83,20.876396981477114,161.8437805866171,52,9.459305978802977,7.216647672817717,7,2.6943640116155563,7,False
IA,135,415,No,No,49,205.35078822435958,99,23.57456839455724,187.49767427005236,58,10.02333136873602,212.446454765833,147,12.054471742946255,9.281869445473255,6,2.5275123371455823,2,False
IA,195,408,Yes,Yes,3,189.91446886859327,112,41.94150855167617,214.43468146399286,137,5.796631067901261,116.9758666153088,129,9.042732492041136,9.360010602072192,4,2.4025136941770677,1,False
MT,145,408,No,No,26,167.01970887752628,112,27.83101119165945,213.01609193856103,57,15.531016749296029,290.9819676030595,71,4.270944873301692,12.879870023301237,6,2.1172307026557258,6,False
WV,128,510,No,No,16,189.03227321377202,111,29.829061645212512,193.2845629264726,56,17.72297251648242,260.32759681183876,145,10.06064358959603,14.750431831748799,9,2.9556197366263643,7,False
MT,33,408,No,No,11,217.5870136696788,148,24.022306566817413,240.54041365798912,85,19.457375318409703,337.50535997903773,87,8.23220831499074,6.6466634792890895,2,4.022893814793829,0,False
ID,176,510,No,Yes,21,221.95924338581563,56,10.606077917816467,239.67443602761065,67,17.860078495079268,266.91818657231926,121,13.111229081951599,15.978497875810088,4,2.8119097862713023,8,False
MT,204,408,No,Yes,16,270.7686342413453,76,37.072363170888394,112.57340133809096,52,11.703436894411288,143.51748851997593,121,13.288373406132024,7.662113201435704,6,3.4968945719289035,3,False
KS,187,510,No,Yes,9,130.49868818468693,141,35.89475117673947,265.2170121439076,77,20.56530590463302,233.4324930080296,111,13.3933629368019,10.51758034876927,8,1.58782245987723,3,True
WV,115,408,No,No,0,157.99963045022986,135,27.749379543054292,116.87540059821629,119,21.80069253239873,154.09956188890976,106,7.315236193880162,11.532588967444953,1,2.8262091514350156,2,False
MO,214,415,No,No,21,99.32656698657989,63,30.535925737798976,251.62731021708288,93,10.971189357722306,278.90187535265494,55,14.969565220012672,17.33374825774752,3,1.822105344823147,5,False
WV,119,408,No,No,25,226.55047321639276,120,34.1275137416328,256.3352568413792,70,16.09496930670193,144.9429856011214,127,10.05282751468712,8.373152986712007,6,1.518460057974479,0,False
LA,22,408,Yes,No,17,163.27462468216265,135,17.49963314490766,145.4516784892401,77,15.627799864454902,142.54225578801012,81,13.879141217005898,4.609785961065841,0,2.108502874032771,5,False
KS,238,415,No,No,49,190.30954910146633,54,25.767578581229643,179.45928560227077,103,18.10190791394017,119.50942731516567,148,7.492141158504721,14.471138410578945,1,3.6535194675308587,1,False
IA,158,408,No,Yes,13,149.783071527668,104,36.35411743697462,144.7147665757032,103,15.975381041129456,175.5810089368499,59,8.10420978717112,7.499879323613696,8,3.460012662935717,8,False
LA,38,415,No,No,46,163.66480025110874,51,19.965684614646005,189.25394848556323,114,16.660611139635115,165.52610876082144,52,9.822082058016257,8.915234258273221,9,2.89440377764352,1,False
LA,230,408,No,No,28,241.15950527133293,111,32.34846345733303,184.59828579071294,149,20.209077651208453,136.91754470803673,108,9.45563282884182,6.646751038221474,6,1.4738395520880554,6,False
ID,109,510,No,No,11,214.71167052429917,140,19.14734556301276,238.983026613467,70,11.430734501994333,299.4904552121762,125,12.764435830407509,8.923888680853244,9,2.542975478889651,0,False
RI,51,510,No,No,35,174.42389711705272,70,33.73143985946821,265.5154373059804,148,20.68686567630412,226.49403481933226,98,8.303612044354637,7.478825391383677,6,2.941360007121389,6,False
NJ,182,408,No,Yes,34,218.39069597381985,128,29.71486814162013,269.7841905394978,62,22.705663657656252,220.6117269928356,108,12.493844970931068,12.029325449484315,5,2.8404289836628784,4,True
KS,8,408,No,Yes,11,219.4950040018937,70,17.078945472755926,171.8915986710849,106,25.17067496744434,279.45822096239635,80,11.19670352139796,10.242374889165937,2,1.2249651332154035,7,False
LA,27,408,No,No,6,160.42872416566323,59,39.31791483565737,189.5389063127736,98,6.283163379313205,212.81288960214673,142,8.359823344178555,7.956834518155963,9,1.9877457215841026,3,False
NJ,27,510,No,Yes,28,106.54602196818958,136,24.123267385615605,115.82809038895249,103,16.08549171442391,162.565989924743,118,10.96402985244694,12.987615929976783,2,2.648737788681027,6,False
NJ,226,408,No,No,10,135.04191864989804,107,23.517980503884953,159.70649667519058,59,7.174497128232055,114.98951287411717,111,7.580204859500854,10.764990252023797,1,3.129032727613752,5,False
KS,21,510,No,Yes,32,112.97356983087415,88,31.604553577847543,248.24258165487288,102,4.824681551135882,159.74713038282982,101,16.050617400017167,4.461855248667834,5,0.9430977431200429,4,True
RI,30,415,No,No,5,238.22173229964534,54,39.18909879542972,280.7791411774116,93,17.72046523803739,275.2707800254231,138,1.0070030367766591,12.759109942252906,3,2.5703008196161132,3,False
AL,97,510,No,Yes,46,246.90576082238405,114,21.873425448172824,138.2825564060039,96,15.004241035748192,137.233194215692,90,11.018829613485117,10.554603651557905,4,2.814439015903162,6,False
IN,28,510,No,No,14,259.31869400795085,62,30.493438798783775,170.3767870423553,102,18.49925475885373,217.65636189989382,80,3.706212272168859,14.172197462774628,2,3.379689590812971,4,False
MO,111,415,No,No,31,79.02222255114157,134,33.43053200264458,198.67971215205364,123,19.43063845043658,251.6962571542779,134,8.323029890345794,10.371752279027934,5,3.2542860673899496,4,False
IN,192,510,No,Yes,10,233.57004551868607,139,35.54484485810515,214.00805794098034,95,23.239479790539605,214.26724202216258,133,8.743175731586263,7.624871948297216,2,3.1660570550470446,0,False
WV,225,408,No,No,22,290.60956546923427,134,31.4115324422178,159.51982400391768,62,17.2696021265289,219.94916643952917,71,13.522900676741052,9.387114000094488,7,2.0600475946384527,1,False
IA,197,408,No,No,25,235.59938569053224,102,27.063777287333423,221.20305222320448,86,31.61677808659544,232.7801956436713,53,6.92354336376933,12.411757992642162,8,1.173598290301354,4,False
MO,61,510,No,No,33,72.43851910646652,131,23.379278234810243,176.3080326464542,73,18.532049274926063,218.96404359113248,62,12.924035746985334,7.687788820897413,3,2.3855577943508792,2,True
WV,48,408,No,No,45,268.4149154198386,94,30.689151064370996,199.27738645608605,51,26.212395222836058,280.4537086236641,94,5.46355007932561,8.679109638677325,8,3.501305460166848,1,False
LA,147,510,Yes,No,33,182.08445185659707,81,21.422887904115143,227.31421240018497,135,5.335810997378758,147.98541358861948,91,13.040009171264597,9.334934260002798,6,3.8147636220195453,3,False
IA,4,408,No,Yes,28,168.38004467497643,85,6.629196132043141,200.32111349054688,130,23.748697647753126,212.02124384193928,98,7.576963674289582,6.551885169352381,2,3.2684392818382286,3,False
OH,35,408,No,Yes,3,202.55476482914892,130,33.49247843326134,178.18070547367157,149,16.096197551022197,109.08797830014262,69,9.220303557723357,7.731029726114277,6,3.0434726582413876,3,False
KS,192,510,No,Yes,16,127.54965387147568,148,37.23147872868956,194.51950980370844,63,7.258263702863642,96.31269064067314,126,7.990864010668788,10.51765057541257,0,3.0037117187087725,3,False
VT,49,408,No,No,34,180.13911854607895,109,11.096540515665293,195.58185203973323,59,19.102725546140597,195.9164484574008,130,12.847090422346811,13.607433242959026,2,2.2551050025913755,2,False
MO,17,510,No,Yes,12,261.0214822552037,60,21.922154362320498,181.4994485058936,84,15.485222310078413,227.16897844723783,103,12.263219529701242,10.951440954131426,5,2.5959517651571042,6,False
MO,172,408,No,No,40,211.1198435261644,112,34.95323408804158,187.06019686664487,74,19.90026624224071,281.5333888618782,85,10.330505161753575,9.862416221892936,3,4.035255620661065,8,False
NY,220,408,No,No,38,182.9200736051334,70,46.459963757693586,279.9323585252358,52,22.055382287755393,320.98958665052317,146,5.544394846239678,7.506187678143068,6,1.945953595366499,4,True
LA,158,415,No,No,14,184.48040799638045,101,30.166349661403263,228.04597239706195,66,9.55424941619202,265.993033533274,50,6.854934395909272,13.285481235160695,2,3.9918230325678814,3,False
AL,221,415,No,No,28,120.93030083505994,104,24.175976470166923,185.22598409854197,61,22.07459491227579,236.35828721990143,64,5.914270423481623,11.300516499840528,0,2.4423774764063535,1,False
NJ,46,510,No,Yes,28,172.50060543001374,75,28.53682847116128,234.8477202255368,103,17.032397421103582,207.99824278869076,126,2.2555713396235095,7.879810709442282,8,3.7603456872760628,1,False
IA,117,415,No,Yes,10,98.28523321851164,117,40.99901135318548,183.3090255121995,73,23.764205873466363,123.43859684083112,66,12.78395430555014,12.695945376054702,5,1.5745479924019696,4,True
LA,6,510,No,No,31,231.12204761969053,83,24.832286567003717,258.65623187933204,78,15.974258855010659,192.69816971291007,73,8.01652942097191,11.6787311845314,7,3.1687233609317196,6,False
MA,99,415,No,No,1,70.71447587623287,101,23.606463946797973,218.48210960990468,92,14.647955537342895,264.5188375629113,107,7.984518107123108,7.559408951901292,2,2.1105838912419026,8,False
RI,124,408,No,No,46,222.7450189810355,131,26.13805182254374,194.63489279978856,74,17.135270203444758,244.91409280140203,121,13.488306700276679,9.6958652312074,7,1.5677862464606502,6,False
NJ,233,510,No,No,13,228.97054504170308,148,22.373371133930302,222.38584629051388,149,17.509303531899267,135.6832926658526,140,7.572034192840897,8.52168181527119,1,2.8748272339287566,4,True
KS,37,510,No,Yes,19,245.93823078635972,142,30.981362527958364,121.45619239657503,109,13.686075992541323,230.70128236292402,72,6.478587192942207,17.900613820094815,3,3.507577430876775,5,True
NJ,24,408,No,No,21,184.34295815809014,101,42.99742766775648,143.66162655450972,139,14.518476345223581,226.41964059338602,95,8.325763138455047,11.595234649376977,2,2.0240468491252033,2,False
AL,93,510,No,No,10,225.83142330787646,78,32.584634184928234,140.30374968004725,114,10.865622327431053,217.49450600573687,121,5.601992844369311,10.56028616454472,9,1.500787231633279,4,False
ID,241,510,No,No,26,172.01266798173918,87,27.9811719829897,207.14715473818535,133,14.826774551049027,198.60722223113328,57,10.033067307863869,11.41798916823014,0,2.626524188532036,7,False
NY,46,415,No,Yes,2,120.66514411560333,91,27.665509848675647,286.6257499742546,77,20.381550299987893,233.27919834720967,108,7.879013765207489,14.137487764592493,6,2.6300517369782552,0,False
NJ,181,510,No,No,16,256.5366196268998,70,17.494473530426745,311.5650073096316,65,16.31322913046928,234.86565194561993,139,7.478185768218562,9.749859566684604,9,3.1386557020435992,0,False
KS,95,408,No,No,43,175.15570851924628,91,37.064878217177274,231.90255507203787,96,22.045326480236643,167.92706172842975,108,7.218290483939093,8.230272106402731,1,3.4596756570915908,6,False
AL,99,415,No,Yes,27,109.52443412634028,62,29.377302423897582,225.04222374722286,130,16.072852661734633,222.75070306910476,62,8.681335518473967,12.532849684292254,3,2.652467854982005,4,True
IN,188,415,No,No,28,156.65925271051088,113,28.556160691274997,109.94711329236306,141,9.842410011383429,190.5302429626393,88,9.250443376559552,9.475166301996063,8,4.184402651835411,4,False
MO,225,408,No,Yes,20,158.63376587159144,66,55.54486054275888,172.86631001329891,107,19.986374437782914,125.63830661268784,77,7.4400747347774345,6.79031401275849,5,2.8793877956282334,0,False
ID,116,408,No,No,46,203.0848459062106,58,32.39002326692549,160.61081240458805,125,13.631884294832988,171.91964824809182,138,7.923702191714559,6.205940704731825,7,2.4228587951944807,8,False
NY,191,415,No,No,15,297.3523741686366,90,23.985671599238525,168.95762008744418,76,15.833163556182328,121.81551573272874,110,8.755431519541954,14.5878896525186,1,1.4107461127177379,0,False
MO,213,510,No,Yes,36,206.12093066412825,50,26.589139230355652,191.59280907076052,102,23.187860237420587,249.00467675350524,65,8.452745593381383,10.394933700757854,6,2.489872383747066,4,False
RI,160,415,Yes,No,19,190.34219259982626,51,39.18756567357404,176.39547111514364,91,11.195647701392431,217.79446887771596,51,9.093227900625042,8.231297848022797,5,2.430890443671091,8,False
WV,215,408,No,No,5,302.78880997812774,109,30.906163284302117,101.03500948121061,108,17.823718937321924,182.22546943970275,131,6.9699875902559585,9.29699526687381,8,3.4682438370251765,3,False
ID,161,415,No,No,18,228.94467699563626,97,18.493776173461065,237.3955128058767,96,16.79740824982104,271.02606716443245,66,12.01377872737947,12.422334154025055,6,3.0699868992534833,7,True
ID,67,408,Yes,No,4,192.7124602067464,78,37.35383147660163,146.36284871300967,143,20.504628577185514,203.39954537905834,79,9.290484532228552,9.119783452473865,0,1.7565047026939062,5,False
IN,128,415,No,No,2,156.02940705909526,146,24.65484731568805,211.9623432055575,83,21.275766827410113,128.43886220165626,62,7.488459741525368,5.651740812467745,7,2.8378035091288303,2,False
IN,18,510,No,No,0,195.81000381022804,59,44.98638220974036,303.70413348749867,86,18.31919502124446,178.02607299080944,145,10.033152652135605,10.977522556443773,9,3.237224937383243,3,False
IA,25,415,No,No,37,176.68047979534316,107,38.64038452571719,154.03077042067883,55,15.198126767098001,281.6427093636646,142,8.776894203543856,13.62504345272069,2,3.922425087510266,1,False
MT,234,415,No,Yes,14,184.57170637794982,109,26.42142483472999,73.48562386268351,56,19.3668625201298,166.52621874554285,143,3.7985209365489956,13.424392953916753,1,3.4100031739312477,0,False
NJ,223,408,No,No,33,245.72012123847364,70,40.248130893880905,185.69978890599447,145,23.67827948572281,213.76106443789152,131,10.02285807066488,8.322010185588265,2,3.3086773234491824,7,False
ID,54,408,No,Yes,34,152.9838908431256,77,30.542844084219226,255.04798174992857,145,16.863550301801496,237.1938312257319,62,5.941481392847439,13.807517969375137,5,2.7480687956921312,0,False
VT,58,408,No,No,48,205.6770354081757,124,36.822189400977756,297.9173727110297,74,15.663719427884867,229.49742422774713,92,11.803283349693922,10.638849921014868,2,3.01064960433876,0,False
MO,67,415,No,No,24,227.4469994918797,83,33.8778625383558,138.52252027737916,82,18.94085128833995,322.47298994790503,134,8.274751083319659,13.72344203163618,9,3.699603920564927,3,False
KS,104,510,No,Yes,23,146.89437415877953,57,23.22914676007301,224.83496116182607,104,17.19363510184806,141.18483715383655,143,11.340210892173191,11.72106109000766,4,1.6337780820162804,5,False
OK,174,408,No,No,11,138.86892922554495,108,24.851601341460302,176.73447716099733,107,10.311452880411004,146.17684597335983,70,7.109344340407178,5.435209472101992,5,2.4204485382264354,8,False
MT,24,408,No,No,17,172.48290387095483,135,38.23968654064929,194.7025822847932,56,18.196654001987408,142.01227764489335,104,9.20978780142192,15.24021681252504,7,2.081945000995008,0,True
VT,114,415,No,Yes,14,156.91852048717695,121,27.321797343147672,332.21716735085175,106,10.26618795618118,185.20407894915576,130,12.63073050152063,10.15535155359686,6,3.0033224949808996,6,False
OK,32,408,No,No,43,237.6166304370752,98,26.770812294064026,124.85148358024234,61,18.872403232042227,254.96886940912256,89,8.192950360755532,11.73038147174145,7,3.68417774052063,4,False
NY,175,510,No,No,15,129.91158607176726,128,22.359019365205178,212.6869830747287,65,13.014286377967164,148.41327101017444,132,7.227548703792586,5.967866114584467,2,2.2224205706231412,7,True
AL,86,510,No,Yes,26,183.4235684264335,66,33.388792524747686,223.38465858827166,129,17.18437402093173,255.66802529719695,64,10.965121841345368,11.515979500234195,3,0.7877565060244498,6,False
MO,151,408,No,No,7,307.30241667022375,109,46.50019935394516,254.28931624696736,92,18.95296953099618,201.75633349638684,122,10.906984790252881,13.30878319822798,5,2.370223403980424,3,False
MO,194,408,No,Yes,45,200.65282668930914,136,21.459736685965815,204.89915767354478,149,29.269516729717857,144.55016533945383,101,7.353752599755543,15.805961009795212,6,3.4307789856139257,3,True
MT,127,415,Yes,No,24,208.96450721524425,137,30.193755653382066,215.40252697520512,126,20.713749808934622,112.43150217160718,123,3.0436169387467134,14.201199384385848,8,3.130103922359904,5,False
ID,155,510,No,No,16,238.03412478485626,94,41.29776444332343,180.41757162891045,56,23.823994048711675,123.6214753095337,144,7.1699310675049315,11.662674111838118,0,3.0425489982484613,5,True
RI,234,510,No,No,28,156.85254672873202,132,29.36286887003428,213.45634706225536,149,26.358739093469623,166.7073295883038,102,11.032078565059265,5.366867939954841,7,2.4760053585004163,8,True
MT,130,408,No,No,7,125.92901856272981,118,33.61897436999787,182.84038622512946,100,19.44627958499722,191.54244121283398,136,6.674897431728828,10.396818371492264,7,1.676775411024171,4,False
OK,218,415,No,No,14,188.82556380813725,81,21.500851774824962,231.07859449280255,122,18.428449001335995,267.30314883652255,101,8.967186488951413,8.222471304361209,5,3.1122354572995743,7,False
MT,17,510,No,No,26,193.27019141742687,93,33.42645677766119,181.51948319781832,81,11.666394455868922,239.95441060941195,79,7.0275451861009675,10.70493362444874,3,2.0325745519723,4,False
VT,104,510,No,No,45,99.08946026434194,114,28.50284587996361,218.85501969510932,124,16.416850337998028,158.05293739598488,82,3.2034985124218505,6.351022501614703,2,4.447277386704365,1,False
MO,161,415,No,No,49,198.75359573413888,136,37.885839965438905,198.5368593157511,57,13.384561351820688,220.43326416860842,106,6.973556468880217,9.369499276624296,2,3.156405766683613,5,False
RI,137,415,No,Yes,6,233.49252493505196,57,39.499088412518006,256.3025125386084,146,14.994705749378069,282.577313459612,101,11.019396062069138,8.448450748581795,5,2.2354813579568393,8,False
NJ,43,510,No,No,2,134.35259634879952,126,50.716509136148915,197.4303138205757,136,26.353316880962343,293.69587105150174,58,1.8892425598025628,8.35550093209226,7,2.2108918020890975,2,False
MA,246,510,No,Yes,28,201.77779241874066,121,34.6370653857086,111.34837658965593,138,17.57310754599995,184.27969942232016,103,9.756502051426727,8.385291442026537,6,2.6256446347091296,0,False
IA,176,415,No,Yes,43,224.6131830185067,136,32.60637053265733,263.0960750356996,121,12.620502111419457,247.9144214852501,50,5.44179230580176,9.592435850835267,0,2.5083984623826003,0,False
OH,39,510,No,Yes,23,209.33391042650402,92,31.555074412618687,154.71338495686905,94,23.87266727345652,269.4977683443912,93,10.825326208422576,10.858584277144066,5,3.5934670204239634,2,False
IN,221,408,No,No,2,214.05031193707785,50,27.174669657514492,167.31168306755902,135,21.776377381187245,124.64640384108064,148,11.142956807620958,2.504519236385647,6,2.8491329357952373,4,False
MT,170,408,No,No,19,167.75998790968495,100,32.707870747693526,170.2169352978254,108,22.038267463001983,174.37964564201516,124,8.484156195266172,2.8707014309864096,6,2.1146946088731777,2,False
NY,247,415,No,No,45,123.62478311297019,73,27.636788718887765,268.7219046585409,53,6.969348984488027,311.00093672116316,147,8.490995523656334,8.983925980234375,8,4.212352548124627,8,True
WV,26,415,No,Yes,14,157.64267688080434,148,31.347687810156913,93.21628930106523,116,26.743354788607427,184.94819449395482,129,6.580911908591096,9.406692865883157,9,2.739446665216178,7,True
AL,99,415,No,No,24,150.69714490646876,73,40.54078028486368,356.8874266829997,78,14.207426289530563,53.55243176494514,58,4.9632497996851015,10.567333649811822,4,3.315071740775118,2,False
MA,50,408,No,No,29,175.9870476896227,66,21.94765947776287,252.8028404533026,78,20.889773863963775,193.9519094806639,81,14.094278719001199,7.816982935431327,0,2.213418794044193,8,True
IA,153,510,No,No,13,234.6635452729965,54,39.11902848903236,211.16194570645797,147,29.61899895308516,256.2312749557931,64,6.404785718486616,10.028395582068045,1,2.990492502195619,5,False
IA,152,408,No,No,6,114.40799359179157,69,40.536920538718924,197.25529996918567,147,27.776663740953087,200.32552184004481,61,13.703388393589417,10.379569615054166,3,2.9488879929145564,6,False
IA,13,510,No,No,16,187.21250114086953,70,29.05545178407137,214.27770374288284,77,12.112189372636564,235.7681973400317,146,6.42149988059947,7.796325709403586,4,1.1882805663230778,3,False
IA,60,408,No,No,43,126.82991772410736,107,13.025160807931243,226.0561214189669,126,9.777413314988635,246.91109988278657,127,10.575571171013184,13.040367465223303,8,4.3122200883685124,3,False
OK,135,510,No,No,19,142.99765410886144,80,25.13742410324454,232.26077929750284,128,24.151732994239637,182.25312742838588,106,5.586578521039096,10.530958934365183,0,3.7325155687380382,1,True
NY,57,408,No,Yes,35,207.93703763059207,149,40.37595637248887,227.78022330017242,136,17.71027905797,174.03035067928118,57,10.570185050706046,11.64088328638987,2,2.3822437470832103,4,False
NY,36,415,No,Yes,8,120.50274733171504,60,29.817055501608944,204.47903406276245,93,14.4955927934896,207.6720487977136,121,8.023237928540635,10.206537193851558,4,1.8181842076353156,7,False
RI,173,408,No,No,37,216.71221448514893,101,22.005582141640716,190.1330789846337,139,20.10609273469524,208.88894614649405,76,8.062451517972988,16.311019309185163,2,2.9780492910428418,6,False
VT,20,510,No,Yes,47,112.39177766876375,64,25.96180063017426,192.43633581732442,53,16.185602112702796,202.70384099234857,111,10.83006950935335,11.78919120735296,3,2.7693581595315173,6,False
IN,65,408,No,No,21,213.349020171908,132,36.72496021203642,190.25458598236594,139,20.506620685243718,204.7578261341232,61,7.592575904762706,8.536020051378324,2,2.9845351588505835,5,False
MO,8,408,No,No,1,102.5234365210744,56,34.37386854561103,256.68850484335326,58,17.334909039093663,162.5726932689631,114,4.715554513664707,12.462900653105201,3,2.853261916955272,2,False
IA,238,408,No,No,23,149.10936603716922,77,28.088543206642445,229.6778361140431,54,20.611939641640834,237.5143455040474,91,11.283916690228358,5.087185247629985,0,3.104992791444741,4,False
WV,144,415,No,No,7,274.82471915647807,100,27.0654047054825,52.98056826678598,105,12.527336554318058,229.9615973556483,111,5.562298230053015,10.358800788001313,7,3.8578445595134454,0,False
MO,142,408,No,No,10,265.4273184883443,107,26.865934807649424,232.79503882648805,145,24.12231006566317,133.1995816682271,60,10.54955185319373,10.95748087027597,3,3.154482564102917,6,False
NY,204,415,No,No,12,159.37376737414274,54,22.62071852401198,209.73680973593875,133,20.48811685366219,180.54188414570163,92,11.918989635999,10.393062286236095,6,1.8602756008720474,8,False
KS,115,415,No,No,16,199.49802930149508,54,42.923005515755534,199.06456217770514,99,20.231486847017862,204.65399362697232,144,7.873518340943348,8.998663387483338,1,3.790050282169962,0,False
KS,215,408,No,No,7,240.2034009442442,143,27.42143624630928,180.5740773455557,124,11.41165036494003,173.28434988619128,66,12.547058532275353,6.9631799294889545,1,4.01249165079063,1,False
WV,143,408,No,No,20,214.06480872102355,145,39.73726816660397,256.2056359993007,64,25.498162083221235,231.86859887938968,146,10.445351123583851,7.631958963847112,5,5.2216453876096685,2,False
RI,92,408,No,No,17,166.3267876772588,57,42.17052841537961,247.37632310614288,81,16.93141950316866,196.6558730771431,81,6.912415739565674,10.306224748742151,1,1.8012047734083216,2,False
NY,98,510,No,No,29,142.56823429818334,113,37.986487185183684,161.35611660881955,77,20.640244312149207,208.45362647275934,142,13.204287006798225,6.659442302716022,5,2.8943056105202203,7,False
WV,66,408,No,No,17,223.4051571478965,59,26.547037498255612,220.35261435622675,71,15.385877681266956,179.96453462584634,134,5.574984534781828,15.31050284694182,1,1.0343210374488103,6,False
OK,32,415,No,No,45,236.53516543072507,87,33.22984072269288,151.4171632729357,66,18.304445323410487,100.33905882946927,134,7.869898710289304,2.0773069619688815,3,3.1425193251033674,5,True
MT,215,408,No,No,46,265.7850917197194,145,29.80643514887267,131.01909176055347,108,18.48563676059702,97.48258392187752,89,8.381055589142013,9.029686397366188,6,2.261439761466582,3,False
WV,191,510,Yes,No,30,95.63752882734644,141,22.770385114158977,168.66413877050175,139,2.900345339982895,229.48047733460137,72,10.815671103054767,10.33116891732309,7,4.238756635859962,8,False
NJ,86,408,No,No,37,117.34376058994738,130,32.59487425377282,243.11967361913793,120,19.912240623274155,213.34560382446972,105,12.346299892143403,11.522262783499865,2,2.0803080239851344,0,True
MO,51,510,No,Yes,31,238.09618010735403,144,20.56768167072158,247.65625226880434,106,26.826707308610423,221.93311031755422,55,12.158374670708142,7.252225818212718,8,1.3486535696261908,1,False
MA,153,510,No,Yes,10,102.42347266249116,57,39.50143510769251,225.65427100486465,75,19.698901294959786,206.72364210314566,135,9.67124495872292,13.402884381664638,1,2.322989007437984,3,False
LA,186,408,No,No,44,241.92749774559664,74,26.283061621612855,236.25478934239987,74,12.211458755551309,210.72837016867572,99,8.1591926866093,5.818506868561231,7,1.11960978302629,2,False
RI,63,415,No,Yes,24,169.2533747007304,122,31.609277246982714,225.80891435574793,59,20.249807830769434,248.45116868093942,86,3.5220472751171092,8.301614234177297,7,3.3008795636058483,0,False
WV,190,510,No,Yes,32,153.95430903316577,115,32.26630297236914,167.9259202388524,94,22.297402650866694,222.23096862007063,113,5.057562436634351,11.862242665838272,3,1.0479335629949436,4,False
NY,125,408,No,Yes,37,190.27142981357346,128,27.928760210367383,221.59612723369702,132,19.562332580951935,252.04546751530563,103,14.299966467874306,13.120565694378257,0,2.7227660649465273,6,True
AL,150,408,No,Yes,40,112.73157738822506,99,34.6935504118022,240.02047626138412,60,16.62936446784978,208.57309206132987,121,3.4917840374923816,5.787996110856707,0,1.0377505441150428,1,False
KS,58,415,No,Yes,7,221.2007415299176,116,26.200770747019803,237.71456649067872,126,15.789253870880346,184.98091297401146,98,6.646528070273671,17.935110371245475,1,2.443761756370687,4,False
NJ,58,510,No,No,10,264.48184988473486,98,36.97037837965795,259.4456685737322,102,15.768451223165965,209.71014310781229,148,12.43381884615027,7.307525310498371,8,4.014702524643628,5,True
IN,86,510,No,No,21,223.52881079071207,85,19.232162558026012,235.4151923600532,121,20.488884505056063,158.19110592563516,60,9.6291398975921,6.063452567416652,1,2.988518313148636,6,True
IA,49,408,No,No,23,167.67456537229296,117,31.011036636371294,217.57241037707914,117,9.96438002470186,181.00765355440456,137,11.784135213017077,11.508144675319771,1,2.009205116028053,0,False
LA,180,408,No,No,40,103.09821461172795,127,45.51143199246628,253.50751191582137,144,15.140634195722967,208.87856543200184,98,10.62848505381203,8.955119639255628,5,2.675037208848733,6,False
ID,170,415,No,Yes,16,105.02062718985336,90,21.997349403155404,198.673937037547,77,24.97804911505474,208.21591659505057,70,13.40874761208266,8.511843062380766,6,2.7144134976355576,3,False
RI,70,415,No,No,11,113.51783488803461,138,24.57804023580119,155.90626743861412,124,25.17097633288588,194.6790559998506,115,9.886281859694655,11.78693217270916,6,3.0781042766747246,7,False
MA,15,510,No,No,45,179.38608614438414,111,34.11126279727132,191.8466518028118,114,9.60926456099169,130.59076449128966,112,10.990343187454535,5.418112928716573,8,1.606513309375339,3,False
VT,54,510,No,Yes,31,185.67000316363024,59,31.436654255516785,162.75486775967755,98,11.342931943681956,231.82047732103572,132,6.827260403824979,4.893596800075893,5,3.174053819077865,5,True
VT,235,408,No,No,14,223.42217553704978,70,32.80504079418847,166.24108625128093,96,15.646897102360317,241.71142032997747,77,10.75899892673441,8.207729904570316,7,0.5364866947177798,8,False
LA,188,510,No,No,15,90.19855067584622,85,33.91349704118131,192.77406646422412,101,21.46294758557176,282.18452476261194,66,7.811621706032314,13.233705218359976,5,2.196092358108952,4,False
WV,101,415,No,No,21,245.56051151961998,61,35.07777174849416,160.37900395000193,137,7.862628229735048,222.08879982943657,55,7.640682396057863,8.337834119761649,1,2.3093809260387643,3,False
OK,225,415,No,No,27,214.72031594726855,140,38.877598735649784,184.60192351804798,103,16.72595682541261,200.07309170957416,68,11.684170543941413,14.797470053585844,0,3.206661460856991,7,False
KS,8,408,No,No,19,163.65818534689325,51,33.2785492554281,105.31926665231072,109,14.629104217101775,149.3485245194925,105,11.704870128178092,13.603044283515672,4,2.7181046821414956,8,False
NY,53,415,No,Yes,32,120.51192291339498,62,28.06993876305166,210.66468536864693,106,23.62982337142617,274.6008934680528,77,14.065326467238394,10.848838553522455,8,1.575549556914971,3,False
KS,60,415,No,No,9,242.45703208455595,102,35.38058960962185,200.06027376811122,96,8.615457630153728,212.39164884370118,115,13.869789556458603,11.01917157812427,7,1.912005499346388,2,False
IN,236,415,No,Yes,39,164.9953019381308,81,45.19905547916173,159.14556844659046,80,17.462703077468113,209.6686586912728,87,11.751945484076327,10.846007875050567,3,2.8589440076379256,7,False
OK,108,415,No,No,31,178.99905503277856,144,28.93893002893941,232.96228342162027,95,15.031952813257032,187.2971900910574,86,3.8386631692898625,10.4791531860463,4,2.636746126508355,4,False
IA,5,408,No,No,49,199.1805985393966,65,22.203765562634867,246.87850688132792,75,24.34899463138644,184.1015216782569,117,14.48304294884909,8.901274907565462,4,2.236700712291403,1,False
NY,103,408,No,No,32,134.34005471091945,81,38.85664535429578,119.62200678155129,54,19.988263231766247,234.41333670254232,135,11.753903011999085,9.249436500378511,5,2.3153329683904165,8,False
MO,196,510,No,No,1,165.89097104873755,81,29.036950688371213,161.86376107168928,133,14.070921703711326,148.9279688670704,139,6.702419729741092,6.790119530222254,2,3.2569343977274317,2,False
OH,6,415,Yes,Yes,32,223.265845101019,147,12.61864363188771,161.54288251063508,101,21.26693221664541,281.271592957939,98,11.186727466688346,3.3698716321294597,4,2.285845941704628,1,False
NJ,109,510,No,Yes,32,218.20480392481375,60,36.779373417203374,153.00484494455677,124,15.05585573345713,270.3763228769186,92,5.888202777111815,13.312211827846149,1,2.6295270047767416,0,False
KS,224,408,No,Yes,40,218.65536033476187,59,25.717374512368618,241.47374209658742,103,21.996648556198767,182.29692265664553,85,10.855890360329226,10.471775310355895,9,4.435949270464435,7,False
AL,116,408,No,Yes,12,122.24101244297842,64,29.275733741566714,190.30869306135983,82,15.81461504557211,156.8067717063479,107,5.051189876777702,10.018634066865358,0,1.5610538904928617,2,False
KS,94,408,No,No,29,168.17098246354294,66,32.655842644552116,186.77425793446946,99,22.273332893843815,99.23970058222929,62,6.575344773640091,11.195347368573639,0,1.218525814740273,6,False
LA,47,408,No,No,32,160.18030824760976,89,31.52399743823253,99.80688177966232,87,19.18040977563625,137.42930637578866,101,11.129787387601581,7.514807635619053,9,3.3268717318388856,0,False
KS,99,408,No,Yes,12,201.2589421137351,67,35.67561453711232,231.77090151046133,76,33.30245540345712,236.49557464414372,107,12.218660228978681,6.996813359846701,6,2.1570855509647178,0,True
RI,55,408,No,No,25,196.7828994824449,104,26.516109035441254,138.03708025732638,147,16.735519972919978,215.7670929450327,81,9.976310578301431,9.148945918965541,1,2.445409977805904,8,False
KS,168,408,No,No,21,187.77136653714683,122,34.10484638540866,202.9966315133164,64,18.914311458107242,224.6826782653044,130,8.141494089936089,14.104295445291438,3,2.0750748974951088,7,False
OH,52,415,No,No,38,303.28669777099645,74,27.923626579328662,213.86884689790958,145,14.602876291420344,107.72101823379192,149,2.6554011149490284,6.4937769145206214,4,2.49215988738599,2,False
OH,144,510,No,No,1,165.45969599279812,108,35.910483847100025,268.03292979193253,110,17.013426703773895,180.20921899486677,109,8.372936701045921,2.1188039295755017,6,3.9788304896770734,5,False
IA,13,408,No,Yes,37,159.60884569657279,127,34.92293987210443,134.5589800440444,70,3.4908243292527956,268.36364031410415,132,10.600455230473584,8.435796724543742,1,3.3417027668944956,2,True
MA,114,415,No,No,38,122.16251648319721,138,22.516490383643237,49.024392208958744,95,19.32792008270516,195.19862973403232,107,8.049704682193058,13.428099748705549,5,3.3897788095095818,3,False
MO,124,415,No,No,25,103.10763370355647,71,38.687856929400255,209.19247723768476,118,23.71437106474706,136.38526326880074,148,8.932266176716745,4.802367926936939,0,1.5670183553658836,0,False
AL,106,510,No,No,45,118.98413113921123,79,25.712292439087616,290.0255590755427,55,18.98315002299677,194.41988345785492,105,8.443147596246238,6.459149188531385,6,1.7790770107577047,4,False
VT,158,408,No,Yes,49,144.065903727836,133,36.46446238624916,261.9473176469719,87,10.430692710113114,161.4491290817375,77,8.034881346535698,10.790640221734506,8,0.42873707241165837,0,False
